url,label
https://www.google.com/,0
https://accounts.google.com/signin,0
https://github.com/login,0
https://www.paypal.com/myaccount/summary,0
https://login.microsoftonline.com/common/oauth2/authorize,0
https://www.amazon.com.mx/gp/cart/view.html,0
https://es.wikipedia.org/wiki/Phishing,0
https://www.bbva.mx/personas.html,0
https://www.mercadolibre.com.mx/ofertas,0
https://stackoverflow.com/questions/tagged/python,0
https://www.netflix.com/browse,0
https://docs.python.org/3/library/urllib.parse.html,0
https://www.linkedin.com/feed/,0
https://news.ycombinator.com/,0
https://www.apple.com/es/iphone/,0
https://www.dropbox.com/home,0
https://mail.proton.me/u/0/inbox,0
https://www.banorte.com/wps/portal/banorte,0
http://paypa1-login.xyz/verify/account,1
http://www.paypal.com@192.168.4.20/webscr?cmd=login,1
https://xn--pypal-4ve.com/signin/confirm,1
http://secure-bbva-mx.top/acceso/actualizar-cuenta,1
https://netfliix.com/billing/update,1
https://microsoft-office365-verify.com/login,1
https://appleid.apple.com.account-locked.support/unlock,1
http://45.77.12.9/banking/santander/login.php,1
https://amazon-security-alert.web.app/verify,1
https://rnercadolibre.com/cuenta/confirmar,1
https://docusign-shared-document.firebaseapp.com/view,1
https://coinbase-wallet-recover.click/restore,1
https://bit.ly/3xYz-unlock-account,1
https://login.secure.update.wellsfargo.com.ab12cd.icu/,1
https://example.com/files/factura-pendiente.exe,1
https://instagrarn.com/accounts/login,1
